,City,Cloudiness,Country,Date,Humidity,Lat,Lng,Max Temp,Wind Speed
0,Rikitea,56,PF,2018-03-18,100,-23.12,-134.97,80.0,14.32
1,Tadine,36,NC,2018-03-18,100,-21.55,167.88,77.12,11.07
2,Bredasdorp,88,ZA,2018-03-18,88,-34.53,20.04,62.6,4.7
3,Punta Arenas,75,CL,2018-03-18,65,-53.16,-70.91,44.6,26.4
4,Ekuvukeni,24,ZA,2018-03-18,91,-28.47,30.16,53.18,2.68
5,Lebu,75,ET,2018-03-18,77,8.96,38.73,59.0,6.93
6,Dikson,48,RU,2018-03-18,100,73.51,80.55,-5.96,34.78
7,Ola,68,RU,2018-03-18,49,59.58,151.3,1.4,13.42
8,Praia da Vitoria,68,PT,2018-03-18,98,38.73,-27.07,62.27,13.53
9,Tessalit,20,ML,2018-03-18,20,20.2,1.01,67.31,9.17
10,Norman Wells,90,CA,2018-03-18,92,65.28,-126.83,14.0,5.82
11,Octeville,90,FR,2018-03-18,80,49.63,-1.64,35.6,14.99
12,Broome,75,GB,2018-03-18,59,52.47,1.45,33.8,18.34
13,Kapaa,90,US,2018-03-18,100,22.08,-159.32,73.4,5.82
14,Cape Town,20,ZA,2018-03-18,88,-33.93,18.42,66.2,14.99
15,Camacha,40,PT,2018-03-18,77,33.08,-16.33,64.4,10.29
16,Chingirlau,92,KZ,2018-03-18,93,51.09,54.08,17.36,18.45
17,Askino,68,RU,2018-03-18,82,56.09,56.58,7.28,16.22
18,Luau,20,CD,2018-03-18,96,-10.7,22.23,67.76,2.13
19,Port Alfred,0,ZA,2018-03-18,86,-33.59,26.89,70.91,10.18
20,Vaini,8,IN,2018-03-18,91,15.34,74.49,66.59,2.13
21,Nenagh,75,IE,2018-03-18,80,52.86,-8.2,33.8,13.87
22,Batemans Bay,0,AU,2018-03-18,99,-35.71,150.18,61.46,2.13
23,Busselton,0,AU,2018-03-18,100,-33.64,115.35,60.74,13.2
24,Albany,20,US,2018-03-18,30,42.65,-73.75,30.2,13.87
25,Kamenka,0,RU,2018-03-18,65,53.19,44.05,-4.25,6.38
26,Tasiilaq,92,GL,2018-03-18,80,65.61,-37.64,33.8,27.51
27,Saint George,20,GR,2018-03-18,44,39.45,22.34,59.0,11.41
28,Lubango,92,AO,2018-03-18,98,-14.92,13.49,65.51,1.57
29,Dingle,44,PH,2018-03-18,94,11.0,122.67,75.5,9.95
30,Lagoa,0,PT,2018-03-18,76,37.14,-8.45,53.6,10.29
31,Dekar,56,BW,2018-03-18,65,-21.53,21.93,72.62,3.58
32,Mahebourg,40,MU,2018-03-18,88,-20.41,57.7,80.6,14.99
33,Kasulu,24,TZ,2018-03-18,91,-4.57,30.11,63.44,2.57
34,Caravelas,0,BR,2018-03-18,100,-17.73,-39.27,82.34,12.86
35,Pervomayskoye,0,RU,2018-03-18,80,57.07,86.23,12.41,7.38
36,Castro,92,CL,2018-03-18,92,-42.48,-73.76,54.44,6.38
37,Ankang,92,CN,2018-03-18,100,32.73,108.99,41.84,2.01
38,Ushuaia,75,AR,2018-03-18,86,-54.81,-68.31,41.0,18.34
39,Thompson,20,CA,2018-03-18,30,55.74,-97.86,14.0,4.7
40,Severomuysk,0,RU,2018-03-18,38,56.17,113.57,-15.05,1.79
41,Deputatskiy,0,RU,2018-03-18,77,69.3,139.9,-38.9,2.8
42,Mataura,100,NZ,2018-03-18,64,-46.19,168.86,66.05,17.0
43,Ambilobe,92,MG,2018-03-18,99,-13.19,49.05,72.98,5.14
44,Naranjal,20,PY,2018-03-18,52,-25.97,-55.19,93.2,4.7
45,Mount Gambier,92,AU,2018-03-18,82,-37.83,140.78,62.99,10.63
46,Jamestown,0,AU,2018-03-18,82,-33.21,138.6,44.09,4.14
47,Hobart,40,AU,2018-03-18,52,-42.88,147.33,66.2,28.86
48,Butaritari,20,KI,2018-03-18,100,3.07,172.79,81.08,7.61
49,Labuhan,68,ID,2018-03-18,96,-2.54,115.51,72.8,2.24
50,Saint-Philippe,1,CA,2018-03-18,29,45.36,-73.48,21.2,6.93
51,Fortuna,20,ES,2018-03-18,47,38.18,-1.13,55.4,16.11
52,Bontang,56,ID,2018-03-18,100,0.12,117.47,80.09,1.9
53,Nanakuli,90,US,2018-03-18,100,21.39,-158.15,80.6,5.82
54,Hermanus,80,ZA,2018-03-18,93,-34.42,19.24,59.57,1.34
55,Bambous Virieux,40,MU,2018-03-18,88,-20.34,57.76,80.6,14.99
56,Amberley,12,NZ,2018-03-18,68,-43.15,172.73,64.4,9.17
57,Presidencia Roque Saenz Pena,44,AR,2018-03-18,98,-26.79,-60.44,81.62,9.73
58,Antofagasta,20,CL,2018-03-18,64,-23.65,-70.4,68.0,12.75
59,Axim,8,GH,2018-03-18,100,4.87,-2.24,82.07,11.07
60,Sur,0,OM,2018-03-18,95,22.57,59.53,74.33,6.38
61,Torbay,90,CA,2018-03-18,94,47.66,-52.73,32.0,27.51
62,Nago,40,IT,2018-03-18,65,45.88,10.89,46.4,13.87
63,Igrim,48,RU,2018-03-18,70,63.19,64.42,1.43,5.14
64,Haines Junction,0,CA,2018-03-18,88,60.75,-137.51,28.16,2.68
65,Hofn,8,IS,2018-03-18,89,64.25,-15.21,40.22,11.07
66,Yellowknife,20,CA,2018-03-18,67,62.45,-114.38,19.4,13.87
67,Buffalo,20,US,2018-03-18,59,42.89,-78.88,46.4,16.11
68,New Norfolk,40,AU,2018-03-18,52,-42.78,147.06,66.2,28.86
69,Vila Velha,20,BR,2018-03-18,74,-3.71,-38.6,84.2,10.29
70,Ahipara,36,NZ,2018-03-18,88,-35.17,173.16,69.38,12.86
71,Mehamn,75,NO,2018-03-18,79,71.03,27.85,28.4,10.29
72,Atasu,20,KZ,2018-03-18,77,48.68,71.64,25.19,7.05
73,Santiago,0,CL,2018-03-18,31,-33.44,-70.65,75.2,10.29
74,Zadar,75,HR,2018-03-18,70,44.12,15.24,48.2,11.41
75,Khasan,0,RU,2018-03-18,77,42.43,130.64,31.4,12.97
76,Mar del Plata,68,AR,2018-03-18,41,-46.43,-67.52,67.22,29.75
77,Fort Nelson,75,CA,2018-03-18,51,58.81,-122.69,37.4,4.7
78,Hilo,90,US,2018-03-18,83,19.71,-155.08,75.2,5.82
79,Nikolskoye,20,RU,2018-03-18,80,59.7,30.79,30.2,11.18
80,Kenai,75,US,2018-03-18,93,60.55,-151.26,39.2,8.05
81,Saskylakh,8,RU,2018-03-18,41,71.97,114.09,-26.75,15.66
82,Tuktoyaktuk,90,CA,2018-03-18,76,69.44,-133.03,-9.41,6.93
83,Upernavik,32,GL,2018-03-18,93,72.79,-56.15,5.39,20.24
84,Ginda,8,IN,2018-03-18,56,30.69,78.49,43.19,3.02
85,Houston,1,US,2018-03-18,54,29.76,-95.37,86.0,5.82
86,Jiwani,0,PK,2018-03-18,91,25.05,61.74,71.45,9.62
87,Fez,75,MA,2018-03-18,93,34.03,-5.02,55.4,10.29
88,Barrow,92,AR,2018-03-18,100,-38.31,-60.23,56.96,16.11
89,Skibbereen,75,IE,2018-03-18,100,51.55,-9.27,32.0,17.22
90,Ilulissat,0,GL,2018-03-18,51,69.22,-51.1,39.2,16.11
91,Victoria,75,BN,2018-03-18,100,5.28,115.24,78.8,5.7
92,Kendari,20,ID,2018-03-18,94,-3.99,122.52,70.91,2.35
93,Kaeo,92,NZ,2018-03-18,92,-35.1,173.78,67.58,13.2
94,Vila Franca do Campo,75,PT,2018-03-18,100,37.72,-25.43,60.8,10.29
95,Lososina,80,RU,2018-03-18,97,49.0,140.31,20.51,31.76
96,Margate,40,AU,2018-03-18,52,-43.03,147.26,66.2,28.86
97,Sechura,32,PE,2018-03-18,66,-5.56,-80.82,78.29,11.74
98,Georgetown,20,GY,2018-03-18,51,6.8,-58.16,84.2,6.93
99,Bluff,24,AU,2018-03-18,90,-23.58,149.07,72.44,3.02
100,Vao,0,EE,2018-03-18,86,59.1,26.19,26.72,13.42
101,Bethel,90,US,2018-03-18,100,60.79,-161.76,28.4,8.05
102,Atuona,56,PF,2018-03-18,98,-9.8,-139.03,82.34,19.24
103,Ketchikan,90,US,2018-03-18,75,55.34,-131.65,46.4,11.41
104,Bilma,0,NE,2018-03-18,20,18.69,12.92,67.04,3.91
105,Fairbanks,90,US,2018-03-18,85,64.84,-147.72,28.4,4.36
106,Qaanaaq,0,GL,2018-03-18,98,77.48,-69.36,-17.12,7.05
107,Ancud,80,CL,2018-03-18,85,-41.87,-73.83,56.51,6.93
108,Altamira,40,BR,2018-03-18,66,-3.2,-52.21,89.6,5.82
109,Marienburg,0,DE,2018-03-18,39,52.12,9.98,30.2,17.22
110,Tuatapere,76,NZ,2018-03-18,84,-46.13,167.69,64.34,19.46
111,Ribas do Rio Pardo,32,BR,2018-03-18,58,-20.45,-53.76,87.92,3.69
112,Kaitangata,20,NZ,2018-03-18,70,-46.28,169.85,64.61,11.41
113,Isangel,68,VU,2018-03-18,100,-19.55,169.27,80.36,10.18
114,Zhicheng,92,CN,2018-03-18,91,35.04,112.59,39.14,2.68
115,Lorengau,12,PG,2018-03-18,100,-2.02,147.27,81.62,8.61
116,Kruisfontein,0,ZA,2018-03-18,92,-34.0,24.73,63.62,10.96
117,Maamba,0,ZM,2018-03-18,88,-17.36,27.22,64.34,2.68
118,Kahului,40,US,2018-03-18,74,20.89,-156.47,78.8,16.11
119,Avarua,40,CK,2018-03-18,74,-21.21,-159.78,84.2,4.7
120,Kalmunai,80,LK,2018-03-18,94,7.42,81.82,76.4,3.58
121,Cidreira,12,BR,2018-03-18,75,-30.17,-50.22,83.24,8.39
122,Gashua,0,NG,2018-03-18,20,12.87,11.04,74.06,7.61
123,Rivadavia,0,AR,2018-03-18,34,-31.53,-68.59,71.54,6.82
124,Longyearbyen,40,NO,2018-03-18,66,78.22,15.63,10.4,21.92
125,Inirida,24,CO,2018-03-18,59,3.87,-67.92,88.28,1.57
126,Hasaki,75,JP,2018-03-18,93,35.73,140.83,44.6,2.24
127,Killybegs,36,IE,2018-03-18,100,54.63,-8.45,36.44,17.22
128,Steinbach,90,CA,2018-03-18,74,49.53,-96.69,33.8,12.75
129,Usinsk,68,RU,2018-03-18,70,66.0,57.56,-10.37,3.02
130,Flinders,20,AU,2018-03-18,93,-34.58,150.85,60.8,5.82
131,Paamiut,56,GL,2018-03-18,81,61.99,-49.67,35.36,12.19
132,Ostrovnoy,80,RU,2018-03-18,86,68.05,39.51,14.21,13.87
133,Bocanda,48,CI,2018-03-18,92,7.06,-4.5,73.79,7.61
134,Bonavista,88,CA,2018-03-18,90,48.65,-53.11,33.65,29.53
135,Sobreira,40,PT,2018-03-18,76,41.15,-8.39,51.8,3.36
136,Kununurra,48,AU,2018-03-18,100,-15.77,128.74,73.4,7.38
137,Bilibino,44,RU,2018-03-18,65,68.06,166.44,-9.47,4.59
138,Surt,0,LY,2018-03-18,90,31.21,16.59,60.83,13.76
139,Yulara,0,AU,2018-03-18,52,-25.24,130.99,68.0,5.82
140,Kodiak,90,US,2018-03-18,81,39.95,-94.76,42.8,6.93
141,Talnakh,76,RU,2018-03-18,72,69.49,88.39,-2.63,16.11
142,Lavrentiya,88,RU,2018-03-18,100,65.58,-170.99,22.22,9.62
143,Ayni,12,TJ,2018-03-18,73,39.39,68.54,29.06,2.24
144,Port Keats,44,AU,2018-03-18,100,-14.25,129.55,74.33,7.38
145,Sigli,8,ID,2018-03-18,94,5.38,95.96,78.29,3.02
146,Clyde River,1,CA,2018-03-18,75,70.47,-68.59,-14.81,17.22
147,Sayaxche,48,GT,2018-03-18,41,16.52,-90.17,94.76,3.91
148,Ponta do Sol,0,BR,2018-03-18,79,-20.63,-46.0,78.11,2.91
149,Luanda,40,AO,2018-03-18,88,-8.83,13.24,78.8,3.36
150,Morgan City,90,US,2018-03-18,78,29.7,-91.21,78.8,14.99
151,Beidao,48,CN,2018-03-18,82,34.57,105.89,35.99,4.47
152,Chokurdakh,8,RU,2018-03-18,72,70.62,147.9,-36.29,3.13
153,Tiksi,12,RU,2018-03-18,0,71.64,128.87,-42.23,2.8
154,Rorvik,75,NO,2018-03-18,74,64.86,11.24,37.4,13.87
155,Grindavik,90,IS,2018-03-18,100,63.84,-22.43,44.6,14.99
156,Richards Bay,8,ZA,2018-03-18,82,-28.77,32.06,69.11,7.05
157,Salitral,75,CR,2018-03-18,39,9.79,-84.12,86.0,16.11
158,Airai,12,TL,2018-03-18,91,-8.93,125.41,67.49,1.12
159,Whitehorse,75,CA,2018-03-18,69,60.72,-135.06,33.8,6.93
160,Ilesha,8,NG,2018-03-18,72,7.14,5.26,80.18,8.28
161,Khartoum,0,SD,2018-03-18,11,15.59,32.54,80.6,8.05
162,Cabo San Lucas,5,MX,2018-03-18,34,22.89,-109.91,82.4,9.17
163,Ribeira Grande,20,PT,2018-03-18,97,38.52,-28.7,62.81,10.07
164,Port Elizabeth,1,US,2018-03-18,25,39.31,-74.98,51.8,9.17
165,Sao Filipe,12,CV,2018-03-18,93,14.9,-24.5,71.36,17.45
166,Katangli,48,RU,2018-03-18,94,51.71,143.23,11.87,20.02
167,Kamaishi,92,JP,2018-03-18,71,39.28,141.86,43.28,7.83
168,Joshimath,8,IN,2018-03-18,87,30.57,79.57,-1.1,1.34
169,Shiyan,92,CN,2018-03-18,100,32.65,110.78,40.58,2.35
170,Xichang,0,CN,2018-03-18,78,27.88,102.25,35.72,1.68
171,Alyangula,12,AU,2018-03-18,100,-13.85,136.42,81.44,8.61
172,Jalingo,0,NG,2018-03-18,37,9.93,13.08,68.03,3.8
173,Tra Vinh,88,VN,2018-03-18,88,9.93,106.35,78.47,8.16
174,Tiznit,48,MA,2018-03-18,94,29.7,-9.73,59.84,8.16
175,Longhua,90,CN,2018-03-18,93,29.21,106.21,53.6,6.71
176,Laguna,75,MX,2018-03-18,27,27.52,-110.01,77.0,6.93
177,Heihe,0,RU,2018-03-18,35,50.24,127.51,8.6,13.42
178,Goundam,24,ML,2018-03-18,24,16.42,-3.66,81.44,8.95
179,Rosarito,40,CO,2018-03-18,61,4.91,-75.23,84.2,4.7
180,Bira,12,RU,2018-03-18,46,49.0,132.47,9.8,10.51
181,Loviisa,90,FI,2018-03-18,78,60.46,26.23,32.0,13.87
182,Rio Grande,90,BR,2018-03-18,70,-32.03,-52.1,86.0,6.93
183,Rocha,80,UY,2018-03-18,97,-34.48,-54.34,71.09,14.76
184,Naryan-Mar,48,RU,2018-03-18,63,67.67,53.09,-13.79,2.8
185,Aberdeen,90,US,2018-03-18,100,45.47,-98.49,35.6,3.36
186,Sisimiut,8,GL,2018-03-18,91,66.94,-53.67,11.78,2.13
187,Yelizovo,8,RU,2018-03-18,65,53.19,158.38,8.6,6.71
188,Ganzhou,92,CN,2018-03-18,93,25.86,114.93,65.51,1.9
189,Pevek,24,RU,2018-03-18,100,69.7,170.27,-19.73,8.95
190,Sattahip,20,TH,2018-03-18,83,12.67,100.9,78.8,2.24
191,East London,0,ZA,2018-03-18,93,-33.02,27.91,74.42,17.56
192,Bonthe,48,SL,2018-03-18,82,7.53,-12.5,80.36,5.14
193,Ossora,12,RU,2018-03-18,84,59.24,163.07,2.78,15.1
194,Mamlyutka,80,KZ,2018-03-18,90,54.94,68.54,33.74,22.03
195,San Rafael,0,AR,2018-03-18,8,-34.61,-68.33,78.38,1.34
196,Zhigansk,0,RU,2018-03-18,44,66.77,123.37,-27.83,2.35
197,Kotovo,56,RU,2018-03-18,82,50.32,44.8,7.82,10.85
198,Kibre Mengist,92,ET,2018-03-18,83,5.87,38.99,58.04,2.68
199,Kedrovyy,0,RU,2018-03-18,85,56.17,91.82,17.6,2.57
200,Zacapu,44,MX,2018-03-18,27,19.82,-101.79,78.8,11.41
201,Mizdah,0,LY,2018-03-18,27,31.45,12.98,60.11,10.4
202,Rock Sound,0,BS,2018-03-18,100,24.9,-76.2,74.69,6.71
203,Suntar,36,RU,2018-03-18,62,62.16,117.65,-7.67,6.38
204,Chuy,76,UY,2018-03-18,100,-33.69,-53.46,72.8,21.7
205,Honiara,75,SB,2018-03-18,94,-9.43,159.96,73.4,1.45
206,Bagdarin,0,RU,2018-03-18,59,54.44,113.59,-0.83,2.24
207,Faanui,76,PF,2018-03-18,100,-16.48,-151.75,82.43,14.76
208,Half Moon Bay,1,US,2018-03-18,76,37.46,-122.43,57.2,6.93
209,Dhupgari,0,IN,2018-03-18,64,26.59,89.01,57.86,5.26
210,Kidal,8,ML,2018-03-18,18,18.44,1.41,73.25,9.17
211,Nantucket,1,US,2018-03-18,100,41.28,-70.1,33.8,14.99
212,Palana,24,RU,2018-03-18,73,59.08,159.95,5.48,2.68
213,Ordzhonikidze,48,UA,2018-03-18,93,44.96,35.36,47.69,3.69
214,Belle Fourche,92,US,2018-03-18,100,44.67,-103.85,30.2,5.82
215,Tabuk,56,PH,2018-03-18,97,17.41,121.44,64.34,1.68
216,Boca do Acre,8,BR,2018-03-18,82,-8.76,-67.39,83.51,2.57
217,Nome,1,US,2018-03-18,51,30.04,-94.42,84.2,8.61
218,Luxeuil-les-Bains,90,FR,2018-03-18,96,47.82,6.38,32.0,3.36
219,Pilar,20,AR,2018-03-18,46,-34.46,-58.91,73.4,14.99
220,Adrar,0,DZ,2018-03-18,9,27.87,-0.29,71.6,9.17
221,Aklavik,75,CA,2018-03-18,83,68.22,-135.01,-4.01,9.17
222,Souillac,36,FR,2018-03-18,81,45.6,-0.6,42.8,5.82
223,Marawi,20,PH,2018-03-18,92,8.0,124.29,63.71,2.57
224,Sao Gabriel da Cachoeira,20,BR,2018-03-18,63,-0.13,-67.09,91.4,3.36
225,Innisfail,90,CA,2018-03-18,86,52.02,-113.95,30.2,6.93
226,Anadyr,90,RU,2018-03-18,77,64.73,177.51,3.2,6.71
227,Stephenville,1,US,2018-03-18,54,32.22,-98.2,87.8,4.7
228,Gao,8,ML,2018-03-18,22,16.28,-0.04,84.68,10.63
229,Atar,20,MR,2018-03-18,19,20.52,-13.05,72.44,9.4
230,Necochea,92,AR,2018-03-18,94,-38.55,-58.74,60.02,14.32
231,Carnarvon,0,ZA,2018-03-18,17,-30.97,22.13,52.1,5.7
232,Nyborg,0,NO,2018-03-18,85,70.18,28.61,17.6,10.29
233,Ouadda,88,CF,2018-03-18,42,8.07,22.4,81.71,7.61
234,La Ronge,75,CA,2018-03-18,51,55.1,-105.3,14.0,10.29
235,Provideniya,0,RU,2018-03-18,100,64.42,-173.23,24.11,11.18
236,Pacific Grove,20,US,2018-03-18,62,36.62,-121.92,57.2,8.05
237,Arraial do Cabo,0,BR,2018-03-18,74,-22.97,-42.02,86.0,17.22
238,Unity,76,CA,2018-03-18,100,52.44,-109.15,27.44,4.81
239,Komsomolskiy,44,RU,2018-03-18,74,67.55,63.78,-11.63,11.18
240,Abu Samrah,76,SY,2018-03-18,42,35.3,37.18,58.58,9.84
241,Hami,92,CN,2018-03-18,81,42.84,93.51,40.13,10.18
242,Katsuura,75,JP,2018-03-18,93,33.93,134.5,57.2,8.05
243,Never,0,RU,2018-03-18,57,53.98,124.16,1.88,4.7
244,Yar-Sale,20,RU,2018-03-18,76,66.83,70.83,-7.4,7.05
245,Thinadhoo,88,MV,2018-03-18,97,0.53,72.93,85.49,8.16
246,Fernie,90,CA,2018-03-18,59,49.5,-115.06,41.0,8.05
247,Port Macquarie,0,AU,2018-03-18,93,-31.43,152.91,66.2,2.24
248,Banyo,36,CM,2018-03-18,20,6.75,11.81,82.16,9.4
249,Padang,36,ID,2018-03-18,100,-0.92,100.36,77.66,1.45
250,Vestmanna,80,FO,2018-03-18,99,62.16,-7.17,39.2,10.29
251,Beringovskiy,76,RU,2018-03-18,99,63.05,179.32,11.78,21.03
252,Dhidhdhoo,56,MV,2018-03-18,100,6.88,73.1,83.69,5.59
253,Salta,75,AR,2018-03-18,65,-24.79,-65.41,84.2,14.99
254,Jalu,0,LY,2018-03-18,37,29.03,21.55,63.08,9.73
255,Khatanga,56,RU,2018-03-18,74,71.98,102.47,-11.27,15.99
256,Luderitz,0,NA,2018-03-18,87,-26.65,15.16,60.8,16.11
257,Pisco,0,PE,2018-03-18,65,-13.71,-76.2,77.0,25.28
258,Guilin,75,CN,2018-03-18,93,25.28,110.29,55.4,13.42
259,Byron Bay,44,AU,2018-03-18,100,-28.65,153.62,71.6,3.36
260,Altagracia de Orituco,0,VE,2018-03-18,27,9.86,-66.38,93.59,13.65
261,Gizo,0,IL,2018-03-18,37,31.8,34.94,69.8,4.7
262,Maraba,0,BR,2018-03-18,66,-5.35,-49.1,89.6,2.24
263,Kemin,0,KG,2018-03-18,75,42.79,75.7,26.09,3.13
264,Khandyga,56,RU,2018-03-18,56,62.65,135.58,-19.55,2.68
265,Nizwa,0,OM,2018-03-18,38,22.93,57.53,55.79,2.8
266,Yerbogachen,92,RU,2018-03-18,90,61.28,108.01,22.04,7.83
267,Ponca City,90,US,2018-03-18,44,36.73,-97.07,60.8,10.29
268,Lorain,5,US,2018-03-18,37,41.47,-82.18,53.6,13.87
269,Waipawa,36,NZ,2018-03-18,77,-39.94,176.59,62.54,7.27
270,Constitucion,75,MX,2018-03-18,9,23.99,-104.67,75.2,20.8
271,Viedma,0,AR,2018-03-18,34,-40.81,-62.99,68.21,14.32
272,Palo Alto,90,US,2018-03-18,54,37.44,-122.16,57.2,5.82
273,Srednekolymsk,56,RU,2018-03-18,56,67.46,153.71,-19.1,6.38
274,Bremerton,1,US,2018-03-18,27,38.4,-75.51,53.6,8.05
275,Vostok,56,RU,2018-03-18,54,46.45,135.83,8.72,9.62
276,Leningradskiy,68,RU,2018-03-18,93,69.38,178.42,-7.4,4.59
277,Paoua,12,CF,2018-03-18,54,7.24,16.43,80.54,8.72
278,Maniitsoq,0,GL,2018-03-18,61,65.42,-52.9,31.76,5.14
279,Golden,90,CA,2018-03-18,82,51.3,-116.96,41.0,2.01
280,Staryy Nadym,36,RU,2018-03-18,61,65.61,72.68,-7.22,3.02
281,Quatre Cocos,40,MU,2018-03-18,88,-20.21,57.76,80.6,14.99
282,Oistins,40,BB,2018-03-18,69,13.07,-59.53,80.6,11.41
283,Kosh-Agach,92,RU,2018-03-18,93,49.99,88.66,19.61,2.8
284,Dauphin,90,CA,2018-03-18,85,51.15,-100.04,19.4,6.93
285,Hithadhoo,88,MV,2018-03-18,98,-0.6,73.08,85.22,8.61
286,Spremberg,0,DE,2018-03-18,53,51.57,14.37,21.2,16.11
287,Junin,75,PE,2018-03-18,55,-16.45,-71.58,62.6,13.87
288,Charagua,75,BO,2018-03-18,62,-19.79,-63.2,87.8,17.9
289,Tabou,32,CI,2018-03-18,99,4.42,-7.36,81.98,11.97
290,Touros,44,BR,2018-03-18,79,-5.2,-35.46,82.07,11.18
291,Znamensk,0,RU,2018-03-18,85,54.62,21.23,23.0,5.93
292,Santa Isabel do Rio Negro,8,BR,2018-03-18,51,-0.41,-65.02,91.97,8.16
293,Zapolyarnyy,40,RU,2018-03-18,78,69.43,30.82,17.6,4.7
294,Wick,75,GB,2018-03-18,74,51.45,-2.43,30.2,21.92
295,Aljezur,36,PT,2018-03-18,100,37.31,-8.8,55.88,12.86
296,Luorong,92,CN,2018-03-18,99,24.41,109.6,64.97,2.68
297,Shchelkun,90,RU,2018-03-18,100,56.3,60.95,28.4,15.66
298,Trinidad,75,UY,2018-03-18,88,-33.52,-56.9,66.2,11.41
299,Tomatlan,8,MX,2018-03-18,48,19.93,-105.25,87.2,5.59
300,Sumbe,76,AO,2018-03-18,100,-11.2,13.84,77.66,2.8
301,Le Port,8,FR,2018-03-18,78,42.87,1.37,24.92,2.35
302,Jilib,0,SO,2018-03-18,79,0.49,42.79,79.73,11.74
303,Bogande,76,BF,2018-03-18,43,12.97,-0.14,81.44,4.59
304,Mandera,36,ET,2018-03-18,30,3.94,41.86,92.96,12.75
305,Tumbi,20,NG,2018-03-18,69,7.5,4.3,82.4,11.41
306,Havre-Saint-Pierre,40,CA,2018-03-18,79,50.23,-63.6,28.4,20.8
307,Totness,20,US,2018-03-18,49,33.74,-80.8,75.2,6.93
308,Concepcion del Oro,0,MX,2018-03-18,21,24.63,-101.42,73.61,5.93
309,Mnogovershinnyy,0,RU,2018-03-18,58,53.94,139.92,2.06,8.72
310,Freeport,0,BS,2018-03-18,65,26.54,-78.7,78.8,11.41
311,Lubao,75,PH,2018-03-18,78,14.94,120.6,77.0,1.12
312,Jian,0,IN,2018-03-18,49,25.65,87.89,61.73,3.13
313,Hornostayivka,92,UA,2018-03-18,100,47.01,33.73,31.4,17.78
314,Barra do Garcas,12,BR,2018-03-18,77,-15.89,-52.26,84.32,2.91
315,Gerardmer,90,FR,2018-03-18,96,48.07,6.88,32.0,3.36
316,Anloga,20,GH,2018-03-18,83,5.79,0.9,82.4,10.29
317,Saldanha,8,PT,2018-03-18,77,41.42,-6.55,39.68,7.94
318,Isola del Liri,92,IT,2018-03-18,100,41.68,13.57,45.8,3.69
319,Najran,0,SA,2018-03-18,20,17.54,44.22,73.4,5.7
320,Noumea,0,NC,2018-03-18,69,-22.28,166.46,78.8,3.36
321,Severo-Kurilsk,0,RU,2018-03-18,100,50.68,156.12,23.03,6.93
322,Toktogul,64,KG,2018-03-18,73,41.87,72.95,19.34,1.57
323,Namibe,76,AO,2018-03-18,100,-15.19,12.15,77.21,8.72
324,Ojinaga,0,US,2018-03-18,14,29.56,-104.41,79.19,11.74
325,Gangapur,92,IN,2018-03-18,51,19.7,75.01,79.37,3.8
326,Mlonggo,8,ID,2018-03-18,100,-6.53,110.7,72.62,4.14
327,Nanortalik,36,GL,2018-03-18,88,60.14,-45.24,34.37,43.84
328,Westport,75,IE,2018-03-18,85,53.8,-9.52,32.0,9.17
329,Inhambane,12,MZ,2018-03-18,92,-23.87,35.38,77.57,12.75
330,Valdivia,75,CL,2018-03-18,55,-39.81,-73.25,60.8,3.36
331,Tecolutla,76,MX,2018-03-18,22,17.31,-98.74,84.41,2.13
332,Aykhal,88,RU,2018-03-18,72,65.95,111.51,-3.35,9.84
333,Iqaluit,75,CA,2018-03-18,78,63.75,-68.52,15.8,2.24
334,Ucluelet,40,CA,2018-03-18,76,48.94,-125.55,48.2,9.17
335,Kosino,0,RU,2018-03-18,61,58.41,51.28,-7.67,8.5
336,Faya,0,SA,2018-03-18,54,18.39,42.45,62.6,9.17
337,Morondava,76,MG,2018-03-18,98,-20.3,44.28,78.74,3.69
338,Ballina,75,IE,2018-03-18,81,54.11,-9.15,32.0,9.17
339,Alekseyevsk,20,RU,2018-03-18,81,57.84,108.35,9.44,5.26
340,Fukue,75,JP,2018-03-18,87,35.03,136.69,51.8,2.24
341,Mosquera,75,CO,2018-03-18,93,4.71,-74.23,55.4,5.82
342,Egvekinot,64,RU,2018-03-18,75,66.32,-179.17,-12.44,4.92
343,Sorland,75,NO,2018-03-18,100,67.67,12.69,32.0,32.21
344,Kahuta,0,PK,2018-03-18,63,33.59,73.39,60.8,4.03
345,Hambantota,12,LK,2018-03-18,100,6.12,81.12,81.44,11.63
346,Tilichiki,36,RU,2018-03-18,74,60.47,166.1,-0.02,3.36
347,Samarai,92,PG,2018-03-18,100,-10.62,150.67,77.3,5.26
348,Zima,0,RU,2018-03-18,73,53.93,102.05,18.08,4.59
349,Esperance,20,TT,2018-03-18,51,10.24,-61.45,86.0,13.87
350,Palauig,8,PH,2018-03-18,100,15.44,119.9,71.81,4.14
351,Kaoma,36,ZM,2018-03-18,69,-14.8,24.8,71.9,7.16
352,Pampa,1,US,2018-03-18,35,35.54,-100.96,71.6,19.46
353,Kudahuvadhoo,0,MV,2018-03-18,99,2.67,72.89,84.68,9.62
354,Miraflores,92,CO,2018-03-18,93,5.2,-73.14,57.68,2.01
355,Diffa,0,NE,2018-03-18,18,13.32,12.61,72.44,7.38
356,Laramie,90,US,2018-03-18,80,41.31,-105.59,42.8,5.82
357,Amahai,36,ID,2018-03-18,100,-3.31,129.0,80.9,4.36
358,Elban,80,RU,2018-03-18,65,50.1,136.51,14.84,16.89
359,Horsham,8,AU,2018-03-18,86,-36.71,142.2,54.08,10.96
360,Verkhnedneprovskiy,24,RU,2018-03-18,72,54.98,33.35,12.41,10.96
361,Nador,75,MA,2018-03-18,72,35.17,-2.93,60.8,17.22
362,North Ridgeville,5,US,2018-03-18,37,41.39,-82.02,53.6,13.87
363,Canto do Buriti,44,BR,2018-03-18,72,-8.11,-42.94,80.0,3.36
364,Ukiah,1,US,2018-03-18,50,39.15,-123.21,55.4,10.29
365,Itarema,20,BR,2018-03-18,77,-2.92,-39.92,81.17,8.61
366,Geraldton,40,CA,2018-03-18,26,49.72,-86.95,17.6,9.17
367,Nuevo Progreso,1,US,2018-03-18,52,26.05,-97.95,91.4,6.93
368,Omboue,80,GA,2018-03-18,100,-1.57,9.26,82.52,6.93
369,Coquimbo,0,CL,2018-03-18,68,-29.95,-71.34,66.2,11.41
370,Katherine,56,AU,2018-03-18,88,-14.47,132.26,77.0,1.12
371,Anito,44,PH,2018-03-18,100,12.45,125.29,80.18,9.28
372,Kavieng,88,PG,2018-03-18,100,-2.57,150.8,82.25,13.98
373,Simdega,0,IN,2018-03-18,40,22.61,84.51,61.64,6.71
374,Hirara,92,JP,2018-03-18,100,24.8,125.28,71.72,10.07
375,Kasane,12,BW,2018-03-18,74,-17.8,25.16,69.38,4.59
376,Hualmay,0,PE,2018-03-18,64,-11.1,-77.61,76.04,4.14
377,Berlevag,75,NO,2018-03-18,79,70.86,29.09,24.8,10.29
378,Saint-Denis,90,FR,2018-03-18,92,48.94,2.36,32.0,8.05
379,Tuy Hoa,92,VN,2018-03-18,100,13.08,109.3,73.88,1.9
380,Yanam,8,IN,2018-03-18,82,16.73,82.22,70.55,3.91
381,Riyadh,0,SA,2018-03-18,14,24.63,46.72,68.0,3.36
382,Port Blair,0,IN,2018-03-18,100,11.67,92.75,82.7,9.4
383,Kabanjahe,76,ID,2018-03-18,100,3.1,98.49,67.49,1.68
384,Araguaina,12,BR,2018-03-18,58,-7.19,-48.21,87.29,5.26
385,Maceio,0,BR,2018-03-18,69,-9.67,-35.74,80.6,8.05
386,Helong,68,CN,2018-03-18,96,25.94,116.13,62.09,3.13
387,Nampula,40,MZ,2018-03-18,78,-15.12,39.26,78.8,5.37
388,Shahrud,0,IR,2018-03-18,90,36.42,54.97,26.36,2.46
389,Pangnirtung,40,CA,2018-03-18,60,66.15,-65.72,10.4,14.99
390,Launceston,75,AU,2018-03-18,67,-41.43,147.14,60.8,29.97
391,Vilyuysk,0,RU,2018-03-18,57,63.75,121.63,-19.55,2.68
392,Prince Rupert,90,CA,2018-03-18,75,54.32,-130.32,46.4,5.82
393,Carazinho,40,BR,2018-03-18,62,-28.3,-52.79,84.2,8.05
394,Ihosy,88,MG,2018-03-18,94,-22.4,46.13,64.97,6.93
395,Salalah,20,OM,2018-03-18,73,17.01,54.1,77.0,2.24
396,Yenagoa,8,NG,2018-03-18,78,4.92,6.26,79.91,6.93
397,Pitimbu,20,BR,2018-03-18,69,-7.47,-34.81,80.6,8.05
398,Casper,90,US,2018-03-18,86,42.87,-106.31,33.8,17.22
399,Tautira,75,PF,2018-03-18,74,-17.73,-149.15,82.4,16.11
400,Yunguyo,8,PE,2018-03-18,100,-16.24,-69.09,54.62,10.4
401,Bahia Blanca,0,AR,2018-03-18,55,-38.72,-62.27,71.45,15.32
402,Ekhabi,0,RU,2018-03-18,76,53.51,142.97,-3.35,13.2
403,Bubaque,0,GW,2018-03-18,65,11.28,-15.83,80.6,6.93
404,Povenets,76,RU,2018-03-18,85,62.85,34.83,30.68,14.88
405,Karratha,8,AU,2018-03-18,48,-20.74,116.85,77.66,2.8
406,Vanimo,36,PG,2018-03-18,100,-2.67,141.3,82.16,12.86
407,Jumla,20,NP,2018-03-18,67,29.28,82.18,24.2,2.68
408,Le Mars,90,US,2018-03-18,80,42.79,-96.17,41.0,6.93
409,Kelvington,68,CA,2018-03-18,100,52.16,-103.52,26.72,7.72
410,Ayan,56,TR,2018-03-18,54,40.67,33.6,50.03,6.49
411,Burnie,80,AU,2018-03-18,98,-41.05,145.91,64.34,40.82
412,Round Rock,75,US,2018-03-18,61,30.51,-97.68,84.2,3.36
413,Falun,20,SE,2018-03-18,72,60.61,15.63,32.0,12.75
414,Oktyabrskoye,0,RU,2018-03-18,88,56.73,85.44,19.88,5.7
415,Highland,75,US,2018-03-18,36,34.13,-117.21,64.4,4.7
416,Mae Hong Son,0,MM,2018-03-18,86,19.3,97.96,65.42,1.12
417,Nimbahera,32,IN,2018-03-18,31,24.63,74.69,68.48,4.81
418,Parana,40,BR,2018-03-18,62,-7.52,-72.89,84.2,3.47
419,Phan Thiet,20,VN,2018-03-18,100,10.93,108.1,75.68,8.72
420,Kachiry,44,KZ,2018-03-18,84,53.07,76.1,21.05,12.41
421,Tucson,40,US,2018-03-18,38,32.22,-110.93,60.8,12.75
422,Palmer,75,AU,2018-03-18,68,-34.85,139.16,64.4,17.22
423,San Patricio,0,PY,2018-03-18,45,-26.98,-56.83,94.67,8.39
424,Grottammare,0,IT,2018-03-18,54,42.99,13.87,53.6,11.41
425,Kyshtovka,8,RU,2018-03-18,88,56.56,76.62,26.81,16.44
426,Aden,0,YE,2018-03-18,98,12.79,45.03,78.29,11.41
427,Marsabit,44,KE,2018-03-18,94,2.34,37.99,69.56,4.92
428,Vieux-Habitants,20,GP,2018-03-18,61,16.06,-61.77,80.6,10.29
429,Zinder,20,NE,2018-03-18,52,13.81,8.99,71.72,4.14
430,Narsaq,76,GL,2018-03-18,33,60.91,-46.05,46.4,48.32
431,Slyudyanka,0,RU,2018-03-18,68,51.66,103.72,13.76,1.57
432,Hamilton,90,BM,2018-03-18,87,32.3,-64.78,60.8,18.34
433,Bathsheba,40,BB,2018-03-18,69,13.22,-59.52,80.6,11.41
434,Bullhead City,1,US,2018-03-18,13,35.15,-114.57,69.8,8.05
435,Newport,75,GB,2018-03-18,74,51.59,-3.0,30.2,21.92
436,Belfast,88,GB,2018-03-18,59,54.6,-5.93,33.8,18.34
437,College,90,US,2018-03-18,85,64.86,-147.8,28.4,4.36
438,Los Llanos de Aridane,40,ES,2018-03-18,82,28.66,-17.92,66.2,14.99
439,Beloha,0,MG,2018-03-18,75,-25.17,45.06,76.31,14.43
440,Hermiston,1,US,2018-03-18,35,45.84,-119.29,57.2,10.29
441,Guerrero Negro,24,MX,2018-03-18,46,27.97,-114.04,68.84,11.74
442,Cockburn Town,56,TC,2018-03-18,100,21.46,-71.14,75.59,4.14
443,Alofi,40,NU,2018-03-18,74,-19.06,-169.92,82.4,4.7
444,Qingyuan,92,CN,2018-03-18,100,27.62,119.06,60.29,2.01
445,Chapais,90,CA,2018-03-18,65,49.78,-74.86,8.6,16.11
446,Eureka,1,US,2018-03-18,66,40.8,-124.16,53.6,9.17
447,Kiunga,92,PG,2018-03-18,99,-6.12,141.3,72.44,2.35
448,Weligama,24,LK,2018-03-18,98,5.97,80.42,78.56,7.16
449,Sao Joao da Barra,0,BR,2018-03-18,74,-21.64,-41.05,80.6,12.75
450,Tongliao,0,CN,2018-03-18,81,43.61,122.27,25.46,10.18
451,Mitu,0,IR,2018-03-18,69,36.2,46.09,26.18,3.47
452,Sitka,92,US,2018-03-18,70,37.17,-99.65,56.69,12.64
453,Evensk,44,RU,2018-03-18,100,61.92,159.24,8.27,7.16
454,Coahuayana,0,MX,2018-03-18,16,18.62,-100.35,90.17,3.24
455,Zilupe,0,RU,2018-03-18,78,56.39,28.12,20.24,12.08
456,Grass Valley,1,US,2018-03-18,49,39.22,-121.06,55.4,4.14
457,Samagaltay,44,RU,2018-03-18,82,50.6,95.0,5.3,2.13
458,Olinda,40,EC,2018-03-18,70,-2.03,-79.75,84.2,5.82
459,Praia,40,BR,2018-03-18,48,-20.25,-43.81,84.2,6.93
460,Nokaneng,24,BW,2018-03-18,78,-19.66,22.19,70.28,4.25
461,La Tuque,24,CA,2018-03-18,50,47.44,-72.79,16.28,7.61
462,Port Hedland,0,AU,2018-03-18,48,-20.31,118.58,82.4,6.93
463,Biak,80,ID,2018-03-18,100,-0.91,122.88,74.78,2.57
464,Kieta,92,PG,2018-03-18,100,-6.22,155.63,74.06,3.69
465,Knysna,0,ZA,2018-03-18,93,-34.04,23.05,62.6,9.17
466,Nuuk,32,GL,2018-03-18,42,64.17,-51.74,46.4,14.99
467,Nueva Concepcion,40,GT,2018-03-18,46,14.2,-91.3,93.2,11.41
468,Ligayan,24,PH,2018-03-18,100,4.65,119.47,82.07,5.59
469,Longview,90,US,2018-03-18,83,32.5,-94.74,75.2,5.82
470,Leshukonskoye,68,RU,2018-03-18,70,64.9,45.76,6.56,7.72
471,Gamba,0,CN,2018-03-18,65,28.28,88.52,-1.82,4.25
472,San Rafael del Sur,40,NI,2018-03-18,38,11.85,-86.44,93.2,16.11
473,Baoqing,0,CN,2018-03-18,63,46.32,132.2,11.51,12.41
474,Kichera,0,RU,2018-03-18,54,55.93,110.1,-1.82,2.8
475,Trelew,0,AR,2018-03-18,25,-43.25,-65.31,73.16,18.01
476,Comodoro Rivadavia,0,AR,2018-03-18,30,-45.87,-67.48,68.0,33.33
477,Champerico,5,MX,2018-03-18,25,16.38,-93.6,98.6,4.7
478,Santo Antonio do Ica,24,BR,2018-03-18,65,-3.1,-67.94,88.01,6.26
479,Gornopravdinsk,92,RU,2018-03-18,87,60.06,69.92,32.66,12.97
480,Sarahan,0,IN,2018-03-18,81,31.51,77.79,0.62,2.01
481,Kushiro,32,JP,2018-03-18,81,43.11,144.15,32.66,8.61
482,Broken Hill,0,AU,2018-03-18,67,-31.97,141.45,53.09,9.62
483,Basudebpur,0,IN,2018-03-18,100,21.14,86.74,78.11,5.82
484,Villa Carlos Paz,0,AR,2018-03-18,22,-31.42,-64.5,75.2,11.41
485,Plouzane,0,FR,2018-03-18,100,48.38,-4.62,33.8,4.7
486,Vyshestebliyevskaya,88,RU,2018-03-18,76,45.2,37.0,50.0,8.95
487,Victor Harbor,75,AU,2018-03-18,68,-35.55,138.62,64.4,17.22
488,Chipinge,88,ZW,2018-03-18,100,-20.19,32.62,67.85,4.14
489,Cantagallo,75,CO,2018-03-18,59,7.38,-73.91,89.6,5.82
490,Kodra,92,UA,2018-03-18,48,50.59,29.56,19.4,6.71
491,Puerto Ayora,20,EC,2018-03-18,62,-0.74,-90.35,86.0,12.75
492,Bitkine,0,TD,2018-03-18,30,11.98,18.21,70.73,5.7
493,San Cristobal,75,EC,2018-03-18,67,-0.39,-78.55,59.0,13.87
494,Hereford,88,GB,2018-03-18,92,52.06,-2.72,27.35,15.43
495,Mareeba,20,AU,2018-03-18,78,-16.99,145.42,78.8,10.29
496,San Jeronimo,88,PE,2018-03-18,88,-13.65,-73.37,51.2,2.46
497,Ivybridge,75,GB,2018-03-18,86,50.39,-3.92,28.4,14.99
498,Sinnamary,92,GF,2018-03-18,98,5.38,-52.96,78.92,8.95
499,Tumpat,75,MY,2018-03-18,94,6.2,102.17,77.0,1.79
500,Mercedes,8,UY,2018-03-18,83,-33.25,-58.03,65.15,21.47
501,Acoua,88,YT,2018-03-18,83,-12.72,45.06,82.4,10.29
502,Klaksvik,68,FO,2018-03-18,93,62.23,-6.59,39.2,10.29
503,Gombong,0,ID,2018-03-18,95,-7.19,109.31,67.76,0.34
504,Plettenberg Bay,8,ZA,2018-03-18,99,-34.05,23.37,65.69,14.99
505,El Tejar,75,CR,2018-03-18,39,9.84,-83.94,86.0,16.11
506,Cherskiy,32,RU,2018-03-18,55,68.75,161.3,-10.73,9.4
507,Casablanca,40,MA,2018-03-18,93,33.6,-7.62,60.8,5.82
508,Fort Wellington,0,GY,2018-03-18,95,6.4,-57.6,79.55,10.4
509,Bandarbeyla,0,SO,2018-03-18,100,9.49,50.81,78.2,8.5
510,Venado Tuerto,0,AR,2018-03-18,63,-33.75,-61.97,66.59,20.58
511,Kuli,0,UA,2018-03-18,56,49.94,30.53,17.6,13.42
512,Ushtobe,76,KZ,2018-03-18,71,45.25,77.98,28.88,3.13
513,Poum,64,MK,2018-03-18,74,41.28,20.71,35.9,1.79
514,Vanavara,64,RU,2018-03-18,90,60.35,102.28,26.0,6.93
515,Taybad,92,IR,2018-03-18,100,34.74,60.78,41.84,15.1
516,Orlik,32,RU,2018-03-18,66,52.51,99.83,3.5,1.9
517,Dillingen,75,DE,2018-03-18,73,49.85,6.32,26.6,14.99
518,Dasoguz,90,TM,2018-03-18,81,41.84,59.97,50.0,9.17
519,Nyurba,24,RU,2018-03-18,62,63.29,118.35,-13.52,6.6
520,Luwuk,80,ID,2018-03-18,100,-0.95,122.79,74.78,2.57
521,Vulturesti,75,RO,2018-03-18,92,47.52,26.45,14.0,10.29
522,Treinta y Tres,80,UY,2018-03-18,97,-33.23,-54.39,71.63,14.2
523,Nizhniy Chir,92,RU,2018-03-18,100,48.36,43.08,19.52,14.76
524,Requena,0,ES,2018-03-18,40,39.49,-1.1,53.6,9.17
525,Itamaraca,20,BR,2018-03-18,69,-7.75,-34.83,82.4,8.05
526,Ahuimanu,90,US,2018-03-18,88,21.44,-157.84,80.6,3.36
527,Corbu,90,RO,2018-03-18,92,44.41,28.66,24.8,11.41
528,San Quintin,0,PH,2018-03-18,80,17.54,120.52,65.87,4.92
529,Harnosand,90,SE,2018-03-18,60,62.63,17.94,39.2,8.05
530,Bud,75,NO,2018-03-18,100,62.91,6.91,37.4,31.09
531,Port Hawkesbury,20,CA,2018-03-18,57,45.62,-61.36,21.2,17.22
532,Cassilandia,8,BR,2018-03-18,59,-19.11,-51.73,88.1,2.68
533,Muros,40,ES,2018-03-18,87,42.77,-9.06,42.8,2.24
534,Walvis Bay,8,NA,2018-03-18,77,-22.95,14.51,62.6,4.7
535,Valasske Mezirici,75,CZ,2018-03-18,73,49.47,17.97,21.2,21.92
536,Takaka,8,NZ,2018-03-18,89,-40.86,172.81,60.92,4.47
537,Oussouye,0,SN,2018-03-18,73,12.49,-16.54,78.8,4.7
538,Filiatra,20,GR,2018-03-18,81,37.16,21.59,50.0,5.14
539,Chongwe,68,ZM,2018-03-18,87,-15.33,28.68,65.15,1.9
540,Belmonte,0,PT,2018-03-18,90,40.36,-7.35,36.53,4.03
541,Fare,88,PF,2018-03-18,97,-16.7,-151.02,82.7,15.43
542,Pokhara,0,NP,2018-03-18,45,28.21,83.99,52.01,4.92
543,Wenling,92,CN,2018-03-18,97,28.38,121.38,55.52,2.01
544,Soyo,80,AO,2018-03-18,80,-6.13,12.37,80.72,5.7
545,Fallon,90,US,2018-03-18,100,46.84,-105.12,28.4,13.87
546,Buala,20,SB,2018-03-18,98,-8.15,159.59,80.9,4.7
547,Shimoda,88,JP,2018-03-18,100,34.7,138.93,59.75,21.03
548,Sabang,80,PH,2018-03-18,98,13.72,123.58,77.57,7.38
549,Tyukhtet,0,RU,2018-03-18,63,56.54,89.31,6.65,3.13
550,Vardo,1,US,2018-03-18,20,39.62,-77.74,59.0,9.17
551,Coihaique,75,CL,2018-03-18,58,-45.58,-72.07,55.4,13.87
552,Wewak,88,PG,2018-03-18,100,-3.55,143.63,73.79,2.68
553,Cangzhou,32,CN,2018-03-18,90,38.3,116.85,32.66,2.91
554,Qeshm,0,IR,2018-03-18,60,26.96,56.27,71.6,4.7
555,Chicama,75,PE,2018-03-18,88,-7.84,-79.15,71.6,8.05
556,Alamosa,40,US,2018-03-18,35,37.47,-105.87,39.2,24.16
557,Damietta,0,EG,2018-03-18,88,31.42,31.81,66.2,8.05
558,Muisne,20,EC,2018-03-18,76,0.61,-80.02,81.89,8.16
559,Batagay-Alyta,12,RU,2018-03-18,61,67.8,130.41,-35.12,2.68
560,Yuxia,90,CN,2018-03-18,100,34.06,108.63,42.8,2.24
561,Cumana,68,VE,2018-03-18,41,10.46,-64.17,84.05,3.47
562,Synya,56,RU,2018-03-18,75,65.37,58.04,-7.31,3.91
563,Henties Bay,0,NA,2018-03-18,100,-22.12,14.28,62.18,4.25
564,Jeremie,76,HT,2018-03-18,100,18.65,-74.12,76.58,3.36
565,Saint-Augustin,32,FR,2018-03-18,86,44.83,-0.61,42.8,4.7
566,Medford,1,US,2018-03-18,61,42.33,-122.87,48.2,2.57
567,Sovetskaya,76,RU,2018-03-18,64,44.78,41.17,53.54,7.72
568,Mwinilunga,48,ZM,2018-03-18,97,-11.73,24.43,65.78,2.57
569,Assiniboia,88,CA,2018-03-18,100,49.63,-105.99,31.49,4.59
570,Ntungamo,44,UG,2018-03-18,92,-0.87,30.27,64.16,2.13
571,Aksarka,0,RU,2018-03-18,57,66.56,67.8,-19.73,3.36
572,Escarcega,0,MX,2018-03-18,30,18.61,-90.75,98.72,4.03
573,Togur,44,RU,2018-03-18,89,58.36,82.83,24.11,10.18
574,Buritizeiro,12,BR,2018-03-18,88,-17.37,-44.96,75.14,2.57
575,Bejar,92,AL,2018-03-18,100,40.49,19.83,47.24,5.7
576,Yarega,0,RU,2018-03-18,63,63.43,53.58,-14.24,3.69
577,Benicarlo,0,ES,2018-03-18,100,40.42,0.43,55.88,21.47
578,Berberati,12,CF,2018-03-18,95,4.26,15.79,67.13,2.91
579,Chake Chake,0,TZ,2018-03-18,100,-5.25,39.77,82.16,8.5
580,Gazli,0,UZ,2018-03-18,82,40.13,63.45,47.33,6.82
581,Dharchula,8,IN,2018-03-18,59,29.85,80.53,33.2,2.13
582,Carndonagh,75,IE,2018-03-18,64,55.25,-7.27,35.6,17.22
583,Ghanzi,64,BW,2018-03-18,74,-21.7,21.65,70.91,4.14
584,Ismailia,0,EG,2018-03-18,50,30.6,32.27,62.63,7.72
585,Kysyl-Syr,0,RU,2018-03-18,62,63.9,122.77,-21.35,2.91
586,Lompoc,1,US,2018-03-18,54,34.64,-120.46,60.8,9.17
587,Mayo,75,CA,2018-03-18,89,63.59,-135.9,32.0,2.24
588,Luka nad Jihlavou,40,CZ,2018-03-18,67,49.37,15.7,23.0,13.87
589,Saint Anthony,90,US,2018-03-18,74,43.97,-111.68,33.8,5.82
590,Ergani,0,TR,2018-03-18,76,38.27,39.76,51.8,4.7
591,Voslobeni,92,RO,2018-03-18,80,46.65,25.63,14.39,2.68
592,Xuchang,90,CN,2018-03-18,80,34.03,113.82,41.0,8.95
593,Sola,75,FI,2018-03-18,80,62.78,29.36,33.8,11.41
594,Shalakusha,80,RU,2018-03-18,84,62.23,40.26,23.66,14.09
595,Dudinka,64,RU,2018-03-18,78,69.41,86.18,-4.07,17.67
596,Cuamba,0,MZ,2018-03-18,77,-14.8,36.54,70.19,6.93
597,Sambava,0,MG,2018-03-18,100,-14.27,50.17,81.08,25.61
598,Qena,0,EG,2018-03-18,27,26.16,32.72,73.4,2.91
599,La Rioja,12,AR,2018-03-18,43,-29.41,-66.86,79.19,7.94
600,Pakhtakoron,20,UZ,2018-03-18,82,40.16,68.75,47.51,4.14
601,Yumen,44,CN,2018-03-18,67,40.29,97.04,39.23,10.96
602,Darfield,24,NZ,2018-03-18,68,-43.49,172.11,64.4,9.17
603,Morlaix,44,FR,2018-03-18,100,48.58,-3.83,33.8,5.82
604,Fuyang,92,CN,2018-03-18,98,32.89,115.81,45.17,8.16
605,Buriti Alegre,32,BR,2018-03-18,78,-18.14,-49.04,80.36,0.56
606,Tarakan,12,ID,2018-03-18,100,3.3,117.63,80.18,3.91
607,Guymon,1,US,2018-03-18,28,36.68,-101.48,73.4,29.97
608,Eydhafushi,32,MV,2018-03-18,100,5.1,73.07,83.96,6.71
609,Kavaratti,0,IN,2018-03-18,100,10.57,72.64,82.16,3.13
610,Qasigiannguit,0,GL,2018-03-18,51,68.82,-51.19,39.2,16.11
611,Vinukonda,0,IN,2018-03-18,91,16.05,79.74,67.31,4.36
612,Carnarvon,0,ZA,2018-03-18,17,-30.97,22.13,52.1,5.7
613,Loei,0,TH,2018-03-18,96,17.49,101.72,66.32,2.46
614,Sobolevo,0,RU,2018-03-18,71,54.43,31.9,8.81,10.18
615,Prado,0,BR,2018-03-18,91,-17.34,-39.22,81.89,12.19
616,Northam,75,GB,2018-03-18,86,51.04,-4.21,30.2,14.99
617,Emba,0,CY,2018-03-18,71,34.81,32.42,62.6,3.36
618,Laela,8,TZ,2018-03-18,85,-8.57,32.05,55.16,1.23
619,Sterling,1,US,2018-03-18,22,39.0,-77.4,59.0,6.93
620,Kampot,24,KH,2018-03-18,98,10.62,104.18,72.08,3.02
621,Shahganj,0,IN,2018-03-18,50,26.06,82.68,64.52,3.69
622,Talaya,0,RU,2018-03-18,71,55.79,84.89,11.06,6.71
623,Sao Caetano de Odivelas,92,BR,2018-03-18,99,-0.75,-48.02,80.9,10.96
624,Arlit,0,NE,2018-03-18,19,18.74,7.39,74.42,8.84
625,Onega,92,RU,2018-03-18,93,63.91,38.09,29.24,17.45
626,Owensboro,40,US,2018-03-18,62,37.77,-87.11,59.0,5.82
627,Atambua,0,ID,2018-03-18,100,-9.11,124.89,77.48,1.23
628,Hudson Bay,80,CA,2018-03-18,73,52.86,-102.4,24.65,5.37
629,Port Shepstone,36,ZA,2018-03-18,92,-30.74,30.45,73.07,17.67
630,Keflavik,90,IS,2018-03-18,100,64.0,-22.56,44.6,14.99
631,Kristianstad,0,SE,2018-03-18,85,56.03,14.16,21.2,1.9
632,Brzeg Dolny,0,PL,2018-03-18,45,51.27,16.72,23.0,13.87
633,Robertsport,48,LR,2018-03-18,98,6.75,-11.37,80.09,9.51
634,Matara,88,PE,2018-03-18,88,-13.74,-72.9,51.2,2.46
635,Nizhniy Baskunchak,92,RU,2018-03-18,88,48.22,46.83,26.54,17.22
636,Olpad,80,IN,2018-03-18,78,21.34,72.75,81.08,7.27
637,Sturgeon Bay,75,US,2018-03-18,36,44.83,-87.38,44.6,8.05
